{
  "extends": "nx/presets/npm.json",
  "targetDefaults": {
    "build": {
      "cache": true
    },
    "test": {
      "inputs": ["default", "^default", "{workspaceRoot}/jest.preset.js"]
    },
    "lint": {
      "inputs": [
        "default",
        "{workspaceRoot}/.eslintrc.json",
        "{workspaceRoot}/.eslintignore",
        "{workspaceRoot}/eslint.config.js"
      ]
    }
  },
  "affected": {
    "defaultBase": "master"
  },
  "nxCloudAccessToken": "NDA3OWQxODgtMWJjMS00YTlkLWJmZjgtNmQyMjQ4MjYzNjVlfHJlYWQtd3JpdGU=",
  "pluginsConfig": {
    "@nx/js": {
      "analyzeSourceFiles": true
    }
  }
}
